year,state,halfyear,suppression,totalRX
2011,AK,1,T,0
2011,AK,1,F,1445
2011,AK,2,T,0
2011,AK,2,F,1355
2011,AL,1,F,11634
2011,AL,1,T,0
2011,AL,2,F,10295
2011,AL,2,T,0
2011,AR,1,T,0
2011,AR,1,F,2891
2011,AR,2,F,2962
2011,AR,2,T,0
2011,AZ,1,F,9657
2011,AZ,1,T,0
2011,AZ,2,T,0
2011,AZ,2,F,11597
2011,CA,1,F,43131
2011,CA,1,T,0
2011,CA,2,F,38871
2011,CA,2,T,0
2011,CO,1,F,5079
2011,CO,1,T,0
2011,CO,2,F,5309
2011,CO,2,T,0
2011,CT,1,F,9764
2011,CT,1,T,0
2011,CT,2,F,9037
2011,CT,2,T,0
2011,DC,1,F,1311
2011,DC,1,T,0
2011,DC,2,F,2589
2011,DC,2,T,0
2011,DE,1,F,1367
2011,DE,1,T,0
2011,DE,2,F,1356
2011,DE,2,T,0
2011,FL,1,F,29056
2011,FL,1,T,0
2011,FL,2,F,27746
2011,FL,2,T,0
2011,GA,1,F,12954
2011,GA,1,T,0
2011,GA,2,T,0
2011,GA,2,F,15543
2011,HI,1,T,0
2011,HI,1,F,2201
2011,HI,2,T,0
2011,HI,2,F,2225
2011,IA,1,T,0
2011,IA,1,F,9410
2011,IA,2,F,8490
2011,IA,2,T,0
2011,ID,1,F,2836
2011,ID,1,T,0
2011,ID,2,F,3266
2011,ID,2,T,0
2011,IL,1,F,18816
2011,IL,1,T,0
2011,IL,2,T,0
2011,IL,2,F,8030
2011,IN,1,F,14216
2011,IN,1,T,0
2011,IN,2,F,12803
2011,IN,2,T,0
2011,KS,1,F,5362
2011,KS,1,T,0
2011,KS,2,T,0
2011,KS,2,F,5431
2011,KY,1,F,21247
2011,KY,1,T,0
2011,KY,2,F,22152
2011,KY,2,T,0
2011,LA,1,F,8462
2011,LA,1,T,0
2011,LA,2,F,8758
2011,LA,2,T,0
2011,MA,1,F,14126
2011,MA,1,T,0
2011,MA,2,F,13517
2011,MA,2,T,0
2011,MD,1,F,11201
2011,MD,1,T,0
2011,MD,2,F,11708
2011,MD,2,T,0
2011,ME,1,F,6917
2011,ME,1,T,0
2011,ME,2,F,7285
2011,ME,2,T,0
2011,MI,1,F,13887
2011,MI,1,T,0
2011,MI,2,F,14503
2011,MI,2,T,0
2011,MN,1,T,0
2011,MN,1,F,10775
2011,MN,2,F,14042
2011,MN,2,T,0
2011,MO,1,F,24065
2011,MO,1,T,0
2011,MO,2,F,24626
2011,MO,2,T,0
2011,MS,1,F,1450
2011,MS,1,T,0
2011,MS,2,F,3624
2011,MS,2,T,0
2011,MT,1,T,0
2011,MT,1,F,2635
2011,MT,2,T,0
2011,MT,2,F,2598
2011,NC,1,F,16390
2011,NC,1,T,0
2011,NC,2,F,15306
2011,NC,2,T,0
2011,NE,1,T,0
2011,NE,1,F,2730
2011,NE,2,T,0
2011,NE,2,F,3187
2011,NH,1,T,0
2011,NH,1,F,3600
2011,NH,2,T,0
2011,NH,2,F,3440
2011,NJ,1,F,7801
2011,NJ,1,T,0
2011,NJ,2,F,7083
2011,NJ,2,T,0
2011,NM,1,F,2608
2011,NM,1,T,0
2011,NM,2,T,0
2011,NM,2,F,1883
2011,NV,1,T,0
2011,NV,1,F,2282
2011,NV,2,F,2304
2011,NV,2,T,0
2011,NY,1,F,37179
2011,NY,1,T,0
2011,NY,2,F,38050
2011,NY,2,T,0
2011,OH,1,F,30491
2011,OH,1,T,0
2011,OH,2,F,22273
2011,OH,2,T,0
2011,OK,1,F,7302
2011,OK,1,T,0
2011,OK,2,F,7436
2011,OK,2,T,0
2011,OR,1,F,10558
2011,OR,1,T,0
2011,OR,2,F,10020
2011,OR,2,T,0
2011,PA,1,F,26824
2011,PA,1,T,0
2011,PA,2,T,0
2011,PA,2,F,23073
2011,RI,1,T,0
2011,RI,1,F,505
2011,RI,2,T,0
2011,RI,2,F,446
2011,SC,1,T,0
2011,SC,1,F,6293
2011,SC,2,T,0
2011,SC,2,F,6485
2011,SD,1,T,0
2011,SD,1,F,756
2011,SD,2,T,0
2011,SD,2,F,840
2011,TN,1,F,13423
2011,TN,1,T,0
2011,TN,2,F,13692
2011,TN,2,T,0
2011,TX,1,F,23692
2011,TX,1,T,0
2011,TX,2,F,17778
2011,TX,2,T,0
2011,UT,1,T,0
2011,UT,1,F,2205
2011,UT,2,T,0
2011,UT,2,F,1672
2011,VA,1,F,13457
2011,VA,1,T,0
2011,VA,2,F,14591
2011,VA,2,T,0
2011,VT,1,T,0
2011,VT,1,F,1975
2011,VT,2,F,2034
2011,VT,2,T,0
2011,WA,1,F,9789
2011,WA,1,T,0
2011,WA,2,F,9800
2011,WA,2,T,0
2011,WI,1,F,17700
2011,WI,1,T,0
2011,WI,2,F,19471
2011,WI,2,T,0
2011,WV,1,F,5972
2011,WV,1,T,0
2011,WV,2,F,5853
2011,WV,2,T,0
2011,WY,1,T,0
2011,WY,1,F,1010
2011,WY,2,T,0
2011,WY,2,F,1027
2012,AK,1,T,0
2012,AK,1,F,1638
2012,AK,2,T,0
2012,AK,2,F,1671
2012,AL,1,F,11197
2012,AL,1,T,0
2012,AL,2,F,11919
2012,AL,2,T,0
2012,AR,1,T,0
2012,AR,1,F,3111
2012,AR,2,T,0
2012,AR,2,F,2946
2012,AZ,1,T,0
2012,AZ,1,F,10485
2012,AZ,2,F,6974
2012,AZ,2,T,0
2012,CA,1,F,40315
2012,CA,1,T,0
2012,CA,2,T,0
2012,CA,2,F,40664
2012,CO,1,F,5835
2012,CO,1,T,0
2012,CO,2,T,0
2012,CO,2,F,6108
2012,CT,1,F,10458
2012,CT,1,T,0
2012,CT,2,T,0
2012,CT,2,F,12789
2012,DC,1,F,3759
2012,DC,1,T,0
2012,DC,2,F,3082
2012,DC,2,T,0
2012,DE,1,F,1321
2012,DE,1,T,0
2012,DE,2,F,1328
2012,DE,2,T,0
2012,FL,1,F,18067
2012,FL,1,T,0
2012,FL,2,F,40069
2012,FL,2,T,0
2012,GA,1,F,15069
2012,GA,1,T,0
2012,GA,2,T,0
2012,GA,2,F,15175
2012,HI,1,T,0
2012,HI,1,F,2199
2012,HI,2,T,0
2012,HI,2,F,2293
2012,IA,1,T,0
2012,IA,1,F,9586
2012,IA,2,T,0
2012,IA,2,F,10292
2012,ID,1,F,3430
2012,ID,1,T,0
2012,ID,2,F,3670
2012,ID,2,T,0
2012,IL,1,F,16254
2012,IL,1,T,0
2012,IL,2,F,18079
2012,IL,2,T,0
2012,IN,1,T,0
2012,IN,1,F,19981
2012,IN,2,T,0
2012,IN,2,F,16796
2012,KS,1,F,5939
2012,KS,1,T,0
2012,KS,2,T,0
2012,KS,2,F,6093
2012,KY,1,T,0
2012,KY,1,F,19827
2012,KY,2,T,0
2012,KY,2,F,23307
2012,LA,1,F,8815
2012,LA,1,T,0
2012,LA,2,T,0
2012,LA,2,F,10408
2012,MA,1,F,14775
2012,MA,1,T,0
2012,MA,2,F,13248
2012,MA,2,T,0
2012,MD,1,F,12179
2012,MD,1,T,0
2012,MD,2,T,0
2012,MD,2,F,12615
2012,ME,1,F,7396
2012,ME,1,T,0
2012,ME,2,F,7858
2012,ME,2,T,0
2012,MI,1,F,14920
2012,MI,1,T,0
2012,MI,2,F,15354
2012,MI,2,T,0
2012,MN,1,F,16220
2012,MN,1,T,0
2012,MN,2,T,0
2012,MN,2,F,17135
2012,MO,1,F,24188
2012,MO,1,T,0
2012,MO,2,T,0
2012,MO,2,F,26066
2012,MS,1,F,2623
2012,MS,1,T,0
2012,MS,2,F,2616
2012,MS,2,T,0
2012,MT,1,T,0
2012,MT,1,F,2668
2012,MT,2,F,3062
2012,MT,2,T,0
2012,NC,1,T,0
2012,NC,1,F,14973
2012,NC,2,T,0
2012,NC,2,F,14433
2012,NE,1,F,3303
2012,NE,1,T,0
2012,NE,2,F,3668
2012,NE,2,T,0
2012,NH,1,T,0
2012,NH,1,F,3241
2012,NH,2,T,0
2012,NH,2,F,3936
2012,NJ,1,T,0
2012,NJ,1,F,10448
2012,NJ,2,T,0
2012,NJ,2,F,10632
2012,NM,1,T,0
2012,NM,1,F,2792
2012,NM,2,T,0
2012,NM,2,F,2636
2012,NV,1,T,0
2012,NV,1,F,3068
2012,NV,2,T,0
2012,NV,2,F,3223
2012,NY,1,T,0
2012,NY,1,F,45706
2012,NY,2,T,0
2012,NY,2,F,43401
2012,OH,1,F,38135
2012,OH,1,T,0
2012,OH,2,T,0
2012,OH,2,F,48412
2012,OK,1,F,8076
2012,OK,1,T,0
2012,OK,2,F,11306
2012,OK,2,T,0
2012,OR,1,F,9559
2012,OR,1,T,0
2012,OR,2,T,0
2012,OR,2,F,7578
2012,PA,1,F,22246
2012,PA,1,T,0
2012,PA,2,T,0
2012,PA,2,F,20228
2012,RI,1,T,0
2012,RI,1,F,1795
2012,RI,2,T,0
2012,RI,2,F,1215
2012,SC,1,F,6450
2012,SC,1,T,0
2012,SC,2,T,0
2012,SC,2,F,7310
2012,SD,1,T,0
2012,SD,1,F,1057
2012,SD,2,T,0
2012,SD,2,F,925
2012,TN,1,F,13957
2012,TN,1,T,0
2012,TN,2,T,0
2012,TN,2,F,18348
2012,TX,1,F,9762
2012,TX,1,T,0
2012,TX,2,F,9818
2012,TX,2,T,0
2012,UT,1,T,0
2012,UT,1,F,2257
2012,UT,2,T,0
2012,UT,2,F,2342
2012,VA,1,F,14226
2012,VA,1,T,0
2012,VA,2,F,21357
2012,VA,2,T,0
2012,VT,1,F,2175
2012,VT,1,T,0
2012,VT,2,F,2133
2012,VT,2,T,0
2012,WA,1,T,0
2012,WA,1,F,9986
2012,WA,2,T,0
2012,WA,2,F,6173
2012,WI,1,T,0
2012,WI,1,F,19899
2012,WI,2,T,0
2012,WI,2,F,20490
2012,WV,1,F,5886
2012,WV,1,T,0
2012,WV,2,F,5778
2012,WV,2,T,0
2012,WY,1,T,0
2012,WY,1,F,1225
2012,WY,2,T,0
2012,WY,2,F,1140
2013,AK,1,T,0
2013,AK,1,F,1821
2013,AK,2,T,0
2013,AK,2,F,1445
2013,AL,1,T,0
2013,AL,1,F,14425
2013,AL,2,T,0
2013,AL,2,F,12555
2013,AR,1,T,0
2013,AR,1,F,2931
2013,AR,2,T,0
2013,AR,2,F,2740
2013,AZ,1,T,0
2013,AZ,1,F,9011
2013,AZ,2,T,0
2013,AZ,2,F,11309
2013,CA,1,T,0
2013,CA,1,F,42623
2013,CA,2,T,0
2013,CA,2,F,38193
2013,CO,1,F,7387
2013,CO,1,T,0
2013,CO,2,T,0
2013,CO,2,F,7311
2013,CT,1,T,0
2013,CT,1,F,14113
2013,CT,2,T,0
2013,CT,2,F,12257
2013,DC,1,F,2207
2013,DC,1,T,0
2013,DC,2,F,1662
2013,DC,2,T,0
2013,DE,1,T,0
2013,DE,1,F,1220
2013,DE,2,T,0
2013,DE,2,F,1357
2013,FL,1,F,29002
2013,FL,1,T,0
2013,FL,2,F,18580
2013,FL,2,T,0
2013,GA,1,T,0
2013,GA,1,F,15027
2013,GA,2,T,0
2013,GA,2,F,12960
2013,HI,1,T,0
2013,HI,1,F,2439
2013,HI,2,T,0
2013,HI,2,F,2216
2013,IA,1,T,0
2013,IA,1,F,9490
2013,IA,2,F,9086
2013,IA,2,T,0
2013,ID,1,F,3772
2013,ID,1,T,0
2013,ID,2,F,3889
2013,ID,2,T,0
2013,IL,1,T,0
2013,IL,1,F,25915
2013,IL,2,F,16895
2013,IL,2,T,0
2013,IN,1,T,0
2013,IN,1,F,16786
2013,IN,2,F,14800
2013,IN,2,T,0
2013,KS,1,T,0
2013,KS,1,F,866
2013,KS,2,T,0
2013,KS,2,F,2895
2013,KY,1,T,0
2013,KY,1,F,20359
2013,KY,2,T,0
2013,KY,2,F,14849
2013,LA,1,T,0
2013,LA,1,F,11054
2013,LA,2,T,0
2013,LA,2,F,9709
2013,MA,1,T,0
2013,MA,1,F,14754
2013,MA,2,T,0
2013,MA,2,F,12773
2013,MD,1,F,12680
2013,MD,1,T,0
2013,MD,2,T,0
2013,MD,2,F,12401
2013,ME,1,T,0
2013,ME,1,F,7261
2013,ME,2,T,0
2013,ME,2,F,4308
2013,MI,1,T,0
2013,MI,1,F,17114
2013,MI,2,T,0
2013,MI,2,F,12307
2013,MN,1,F,17961
2013,MN,1,T,0
2013,MN,2,F,19441
2013,MN,2,T,0
2013,MO,1,T,0
2013,MO,1,F,29923
2013,MO,2,T,0
2013,MO,2,F,30443
2013,MS,1,T,0
2013,MS,1,F,3056
2013,MS,2,F,3498
2013,MS,2,T,0
2013,MT,1,T,0
2013,MT,1,F,2761
2013,MT,2,T,0
2013,MT,2,F,2831
2013,NC,1,T,0
2013,NC,1,F,19072
2013,NC,2,T,0
2013,NC,2,F,16362
2013,NE,1,F,3590
2013,NE,1,T,0
2013,NE,2,F,3261
2013,NE,2,T,0
2013,NH,1,T,0
2013,NH,1,F,3446
2013,NH,2,T,0
2013,NH,2,F,3001
2013,NJ,1,T,0
2013,NJ,1,F,12378
2013,NJ,2,F,10483
2013,NJ,2,T,0
2013,NM,1,T,0
2013,NM,1,F,3583
2013,NM,2,F,2185
2013,NM,2,T,0
2013,NV,1,T,0
2013,NV,1,F,3883
2013,NV,2,T,0
2013,NV,2,F,2815
2013,NY,1,T,0
2013,NY,1,F,50097
2013,NY,2,T,0
2013,NY,2,F,52782
2013,OH,1,T,0
2013,OH,1,F,49760
2013,OH,2,F,45228
2013,OH,2,T,0
2013,OK,1,F,13540
2013,OK,1,T,0
2013,OK,2,F,12546
2013,OK,2,T,0
2013,OR,1,T,0
2013,OR,1,F,13387
2013,OR,2,T,0
2013,OR,2,F,8842
2013,PA,1,T,0
2013,PA,1,F,20760
2013,PA,2,T,0
2013,PA,2,F,23047
2013,RI,1,T,0
2013,RI,1,F,486
2013,RI,2,T,0
2013,RI,2,F,372
2013,SC,1,T,0
2013,SC,1,F,7154
2013,SC,2,T,0
2013,SC,2,F,6097
2013,SD,1,T,0
2013,SD,1,F,1048
2013,SD,2,T,0
2013,SD,2,F,850
2013,TN,1,T,0
2013,TN,1,F,20683
2013,TN,2,T,0
2013,TN,2,F,19163
2013,TX,1,F,12074
2013,TX,1,T,0
2013,TX,2,F,7816
2013,TX,2,T,0
2013,UT,1,T,0
2013,UT,1,F,2396
2013,UT,2,F,2913
2013,UT,2,T,0
2013,VA,1,T,0
2013,VA,1,F,20076
2013,VA,2,T,0
2013,VA,2,F,19550
2013,VT,1,F,2475
2013,VT,1,T,0
2013,VT,2,T,0
2013,VT,2,F,2299
2013,WA,1,T,0
2013,WA,1,F,6619
2013,WA,2,T,0
2013,WA,2,F,8296
2013,WI,1,T,0
2013,WI,1,F,21902
2013,WI,2,T,0
2013,WI,2,F,20003
2013,WV,1,T,0
2013,WV,1,F,5673
2013,WV,2,T,0
2013,WV,2,F,5551
2013,WY,1,T,0
2013,WY,1,F,847
2013,WY,2,T,0
2013,WY,2,F,1150
2014,AK,1,T,0
2014,AK,1,F,1449
2014,AK,2,T,0
2014,AK,2,F,1509
2014,AL,1,T,0
2014,AL,1,F,12942
2014,AL,2,T,0
2014,AL,2,F,10380
2014,AR,1,T,0
2014,AR,1,F,3014
2014,AR,2,T,0
2014,AR,2,F,3189
2014,AZ,1,F,9690
2014,AZ,1,T,0
2014,AZ,2,F,13550
2014,AZ,2,T,0
2014,CA,1,T,0
2014,CA,1,F,46296
2014,CA,2,T,0
2014,CA,2,F,48934
2014,CO,1,T,0
2014,CO,1,F,9871
2014,CO,2,T,0
2014,CO,2,F,10479
2014,CT,1,T,0
2014,CT,1,F,12860
2014,CT,2,T,0
2014,CT,2,F,13268
2014,DC,1,F,1836
2014,DC,1,T,0
2014,DC,2,F,2137
2014,DC,2,T,0
2014,DE,1,T,0
2014,DE,1,F,1429
2014,DE,2,F,1367
2014,DE,2,T,0
2014,FL,1,T,0
2014,FL,1,F,18502
2014,FL,2,T,0
2014,FL,2,F,14546
2014,GA,1,T,0
2014,GA,1,F,13082
2014,GA,2,T,0
2014,GA,2,F,13041
2014,HI,1,T,0
2014,HI,1,F,2857
2014,HI,2,T,0
2014,HI,2,F,2680
2014,IA,1,F,10749
2014,IA,1,T,0
2014,IA,2,F,11040
2014,IA,2,T,0
2014,ID,1,F,4077
2014,ID,1,T,0
2014,ID,2,F,3956
2014,ID,2,T,0
2014,IL,1,F,20519
2014,IL,1,T,0
2014,IL,2,T,0
2014,IL,2,F,25318
2014,IN,1,F,16889
2014,IN,1,T,0
2014,IN,2,F,19090
2014,IN,2,T,0
2014,KS,1,F,11976
2014,KS,1,T,0
2014,KS,2,F,8628
2014,KS,2,T,0
2014,KY,1,T,0
2014,KY,1,F,19749
2014,KY,2,F,25984
2014,KY,2,T,0
2014,LA,1,F,10525
2014,LA,1,T,0
2014,LA,2,T,0
2014,LA,2,F,9085
2014,MA,1,T,0
2014,MA,1,F,14890
2014,MA,2,T,0
2014,MA,2,F,13540
2014,MD,1,T,0
2014,MD,1,F,15054
2014,MD,2,F,15421
2014,MD,2,T,0
2014,ME,1,T,0
2014,ME,1,F,4022
2014,ME,2,T,0
2014,ME,2,F,4461
2014,MI,1,T,0
2014,MI,1,F,14737
2014,MI,2,T,0
2014,MI,2,F,20431
2014,MN,1,T,0
2014,MN,1,F,19347
2014,MN,2,F,21774
2014,MN,2,T,0
2014,MO,1,F,25826
2014,MO,1,T,0
2014,MO,2,T,0
2014,MO,2,F,26182
2014,MS,1,F,4005
2014,MS,1,T,0
2014,MS,2,F,4018
2014,MS,2,T,0
2014,MT,1,T,0
2014,MT,1,F,3085
2014,MT,2,T,0
2014,MT,2,F,3099
2014,NC,1,F,16722
2014,NC,1,T,0
2014,NC,2,F,20948
2014,NC,2,T,0
2014,NE,1,T,0
2014,NE,1,F,3530
2014,NE,2,T,0
2014,NE,2,F,2691
2014,NH,1,T,0
2014,NH,1,F,2642
2014,NH,2,T,0
2014,NH,2,F,3117
2014,NJ,1,T,0
2014,NJ,1,F,14764
2014,NJ,2,F,13706
2014,NJ,2,T,0
2014,NM,1,T,0
2014,NM,1,F,1216
2014,NM,2,F,5959
2014,NM,2,T,0
2014,NV,1,T,0
2014,NV,1,F,4462
2014,NV,2,T,0
2014,NV,2,F,4933
2014,NY,1,T,0
2014,NY,1,F,60898
2014,NY,2,T,0
2014,NY,2,F,59407
2014,OH,1,T,0
2014,OH,1,F,48579
2014,OH,2,T,0
2014,OH,2,F,54587
2014,OK,1,F,12797
2014,OK,1,T,0
2014,OK,2,F,10232
2014,OK,2,T,0
2014,OR,1,T,0
2014,OR,1,F,13721
2014,OR,2,T,0
2014,OR,2,F,12824
2014,PA,1,T,0
2014,PA,1,F,23627
2014,PA,2,T,0
2014,PA,2,F,24649
2014,RI,1,T,0
2014,RI,1,F,342
2014,RI,2,T,0
2014,RI,2,F,299
2014,SC,1,T,0
2014,SC,1,F,5793
2014,SC,2,T,0
2014,SC,2,F,5851
2014,SD,1,T,0
2014,SD,1,F,507
2014,SD,2,T,0
2014,SD,2,F,1022
2014,TN,1,T,0
2014,TN,1,F,20121
2014,TN,2,T,0
2014,TN,2,F,20666
2014,TX,1,T,0
2014,TX,1,F,4336
2014,TX,2,T,0
2014,TX,2,F,16419
2014,UT,1,T,0
2014,UT,1,F,3274
2014,UT,2,F,2831
2014,UT,2,T,0
2014,VA,1,T,0
2014,VA,1,F,17477
2014,VA,2,T,0
2014,VA,2,F,18656
2014,VT,1,T,0
2014,VT,1,F,2269
2014,VT,2,T,0
2014,VT,2,F,1773
2014,WA,1,T,0
2014,WA,1,F,9723
2014,WA,2,T,0
2014,WA,2,F,17504
2014,WI,1,T,0
2014,WI,1,F,21400
2014,WI,2,F,22283
2014,WI,2,T,0
2014,WV,1,T,0
2014,WV,1,F,7273
2014,WV,2,F,9906
2014,WV,2,T,0
2014,WY,1,T,0
2014,WY,1,F,949
2014,WY,2,T,0
2014,WY,2,F,1149
2015,AK,1,T,0
2015,AK,1,F,1595
2015,AK,2,T,0
2015,AK,2,F,1636
2015,AL,1,T,0
2015,AL,1,F,14348
2015,AL,2,F,12521
2015,AL,2,T,0
2015,AR,1,T,0
2015,AR,1,F,3276
2015,AR,2,T,0
2015,AR,2,F,3170
2015,AZ,1,F,14731
2015,AZ,1,T,0
2015,AZ,2,T,0
2015,AZ,2,F,14246
2015,CA,1,T,0
2015,CA,1,F,60339
2015,CA,2,T,0
2015,CA,2,F,63608
2015,CO,1,T,0
2015,CO,1,F,11641
2015,CO,2,T,0
2015,CO,2,F,10990
2015,CT,1,T,0
2015,CT,1,F,14572
2015,CT,2,T,0
2015,CT,2,F,14610
2015,DC,1,F,1953
2015,DC,1,T,0
2015,DC,2,F,2203
2015,DC,2,T,0
2015,DE,1,T,0
2015,DE,1,F,1548
2015,DE,2,F,1643
2015,DE,2,T,0
2015,FL,1,T,0
2015,FL,1,F,11538
2015,FL,2,F,16289
2015,FL,2,T,0
2015,GA,1,T,0
2015,GA,1,F,12784
2015,GA,2,T,0
2015,GA,2,F,14111
2015,HI,1,T,0
2015,HI,1,F,3015
2015,HI,2,F,3036
2015,HI,2,T,0
2015,IA,1,F,11161
2015,IA,1,T,0
2015,IA,2,F,11250
2015,IA,2,T,0
2015,ID,1,F,4165
2015,ID,1,T,0
2015,ID,2,F,4141
2015,ID,2,T,0
2015,IL,1,T,0
2015,IL,1,F,26268
2015,IL,2,T,0
2015,IL,2,F,39823
2015,IN,1,T,0
2015,IN,1,F,19826
2015,IN,2,F,24435
2015,IN,2,T,0
2015,KS,1,F,6759
2015,KS,1,T,0
2015,KS,2,F,5556
2015,KS,2,T,0
2015,KY,1,F,38801
2015,KY,1,T,0
2015,KY,2,F,34921
2015,KY,2,T,0
2015,LA,1,T,0
2015,LA,1,F,13610
2015,LA,2,T,0
2015,LA,2,F,11205
2015,MA,1,T,0
2015,MA,1,F,13652
2015,MA,2,T,0
2015,MA,2,F,13327
2015,MD,1,T,0
2015,MD,1,F,15667
2015,MD,2,T,0
2015,MD,2,F,16273
2015,ME,1,T,0
2015,ME,1,F,4351
2015,ME,2,T,0
2015,ME,2,F,4286
2015,MI,1,T,0
2015,MI,1,F,25297
2015,MI,2,T,0
2015,MI,2,F,26112
2015,MN,1,F,18393
2015,MN,1,T,0
2015,MN,2,F,18316
2015,MN,2,T,0
2015,MO,1,T,0
2015,MO,1,F,26802
2015,MO,2,T,0
2015,MO,2,F,26941
2015,MS,1,F,4118
2015,MS,1,T,0
2015,MS,2,T,0
2015,MS,2,F,4120
2015,MT,1,T,0
2015,MT,1,F,3121
2015,MT,2,F,2776
2015,MT,2,T,0
2015,NC,1,T,0
2015,NC,1,F,19277
2015,NC,2,T,0
2015,NC,2,F,21185
2015,NE,1,T,0
2015,NE,1,F,2355
2015,NE,2,T,0
2015,NE,2,F,2192
2015,NH,1,T,0
2015,NH,1,F,3235
2015,NH,2,T,0
2015,NH,2,F,3866
2015,NJ,1,T,0
2015,NJ,1,F,17102
2015,NJ,2,T,0
2015,NJ,2,F,17396
2015,NM,1,T,0
2015,NM,1,F,4256
2015,NM,2,F,3906
2015,NM,2,T,0
2015,NV,1,T,0
2015,NV,1,F,7113
2015,NV,2,T,0
2015,NV,2,F,7281
2015,NY,1,T,0
2015,NY,1,F,62195
2015,NY,2,T,0
2015,NY,2,F,53809
2015,OH,1,T,0
2015,OH,1,F,71875
2015,OH,2,T,0
2015,OH,2,F,88043
2015,OK,1,F,10227
2015,OK,1,T,0
2015,OK,2,F,11266
2015,OK,2,T,0
2015,OR,1,T,0
2015,OR,1,F,17026
2015,OR,2,T,0
2015,OR,2,F,12775
2015,PA,1,T,0
2015,PA,1,F,26679
2015,PA,2,F,30536
2015,PA,2,T,0
2015,RI,1,T,0
2015,RI,1,F,264
2015,RI,2,T,0
2015,RI,2,F,139
2015,SC,1,T,0
2015,SC,1,F,6034
2015,SC,2,T,0
2015,SC,2,F,6044
2015,SD,1,T,0
2015,SD,1,F,1801
2015,SD,2,T,0
2015,SD,2,F,2125
2015,TN,1,T,0
2015,TN,1,F,19571
2015,TN,2,T,0
2015,TN,2,F,22157
2015,TX,1,T,0
2015,TX,1,F,25020
2015,TX,2,T,0
2015,TX,2,F,22425
2015,UT,1,T,0
2015,UT,1,F,3003
2015,UT,2,T,0
2015,UT,2,F,2632
2015,VA,1,T,0
2015,VA,1,F,18886
2015,VA,2,T,0
2015,VA,2,F,19069
2015,VT,1,T,0
2015,VT,1,F,2360
2015,VT,2,T,0
2015,VT,2,F,2628
2015,WA,1,T,0
2015,WA,1,F,15682
2015,WA,2,T,0
2015,WA,2,F,16580
2015,WI,1,T,0
2015,WI,1,F,23761
2015,WI,2,F,22907
2015,WI,2,T,0
2015,WV,1,T,0
2015,WV,1,F,9468
2015,WV,2,F,9372
2015,WV,2,T,0
2015,WY,1,T,0
2015,WY,1,F,1215
2015,WY,2,T,0
2015,WY,2,F,966
2016,AK,1,T,0
2016,AK,1,F,1987
2016,AK,2,T,0
2016,AK,2,F,2295
2016,AL,1,F,13591
2016,AL,1,T,0
2016,AL,2,T,0
2016,AL,2,F,12329
2016,AR,1,T,0
2016,AR,1,F,3157
2016,AR,2,T,0
2016,AR,2,F,2863
2016,AZ,1,F,17699
2016,AZ,1,T,0
2016,AZ,2,F,12771
2016,AZ,2,T,0
2016,CA,1,T,0
2016,CA,1,F,66979
2016,CA,2,T,0
2016,CA,2,F,65108
2016,CO,1,T,0
2016,CO,1,F,11696
2016,CO,2,T,0
2016,CO,2,F,8910
2016,CT,1,T,0
2016,CT,1,F,16274
2016,CT,2,T,0
2016,CT,2,F,12215
2016,DC,1,F,2111
2016,DC,1,T,0
2016,DC,2,T,0
2016,DC,2,F,1764
2016,DE,1,T,0
2016,DE,1,F,2100
2016,DE,2,T,0
2016,DE,2,F,2293
2016,FL,1,T,0
2016,FL,1,F,19286
2016,FL,2,T,0
2016,FL,2,F,19823
2016,GA,1,T,0
2016,GA,1,F,15006
2016,GA,2,T,0
2016,GA,2,F,15633
2016,HI,1,T,0
2016,HI,1,F,2312
2016,HI,2,T,0
2016,HI,2,F,2652
2016,IA,1,F,10886
2016,IA,1,T,0
2016,IA,2,T,0
2016,IA,2,F,8766
2016,ID,1,F,4503
2016,ID,1,T,0
2016,ID,2,T,0
2016,ID,2,F,4020
2016,IL,1,T,0
2016,IL,1,F,42352
2016,IL,2,T,0
2016,IL,2,F,39859
2016,IN,1,T,0
2016,IN,1,F,30280
2016,IN,2,T,0
2016,IN,2,F,27985
2016,KS,1,T,0
2016,KS,1,F,6029
2016,KS,2,T,0
2016,KS,2,F,7248
2016,KY,1,T,0
2016,KY,1,F,49059
2016,KY,2,T,0
2016,KY,2,F,46760
2016,LA,1,T,0
2016,LA,1,F,11409
2016,LA,2,T,0
2016,LA,2,F,13072
2016,MA,1,T,0
2016,MA,1,F,15277
2016,MA,2,T,0
2016,MA,2,F,15518
2016,MD,1,F,17126
2016,MD,1,T,0
2016,MD,2,F,15848
2016,MD,2,T,0
2016,ME,1,T,0
2016,ME,1,F,4458
2016,ME,2,T,0
2016,ME,2,F,4255
2016,MI,1,F,34292
2016,MI,1,T,0
2016,MI,2,F,29476
2016,MI,2,T,0
2016,MN,1,F,19368
2016,MN,1,T,0
2016,MN,2,T,0
2016,MN,2,F,20304
2016,MO,1,F,26681
2016,MO,1,T,0
2016,MO,2,T,0
2016,MO,2,F,27708
2016,MS,1,T,0
2016,MS,1,F,4250
2016,MS,2,T,0
2016,MS,2,F,4184
2016,MT,1,F,3752
2016,MT,1,T,0
2016,MT,2,T,0
2016,MT,2,F,3611
2016,NC,1,T,0
2016,NC,1,F,22961
2016,NC,2,T,0
2016,NC,2,F,23315
2016,NE,1,T,0
2016,NE,1,F,3227
2016,NE,2,F,2599
2016,NE,2,T,0
2016,NH,1,T,0
2016,NH,1,F,3885
2016,NH,2,T,0
2016,NH,2,F,3328
2016,NJ,1,T,0
2016,NJ,1,F,20684
2016,NJ,2,F,21026
2016,NJ,2,T,0
2016,NM,1,F,3970
2016,NM,1,T,0
2016,NM,2,T,0
2016,NM,2,F,5654
2016,NV,1,T,0
2016,NV,1,F,9501
2016,NV,2,T,0
2016,NV,2,F,7314
2016,NY,1,F,66403
2016,NY,1,T,0
2016,NY,2,T,0
2016,NY,2,F,52338
2016,OH,1,F,91397
2016,OH,1,T,0
2016,OH,2,F,83845
2016,OH,2,T,0
2016,OK,1,F,10835
2016,OK,1,T,0
2016,OK,2,F,11199
2016,OK,2,T,0
2016,OR,1,T,0
2016,OR,1,F,15891
2016,OR,2,T,0
2016,OR,2,F,14283
2016,PA,1,F,30538
2016,PA,1,T,0
2016,PA,2,F,28345
2016,PA,2,T,0
2016,RI,1,T,0
2016,RI,1,F,2532
2016,RI,2,F,2688
2016,RI,2,T,0
2016,SC,1,T,0
2016,SC,1,F,5614
2016,SC,2,T,0
2016,SC,2,F,6207
2016,SD,1,T,0
2016,SD,1,F,2186
2016,SD,2,T,0
2016,SD,2,F,2014
2016,TN,1,T,0
2016,TN,1,F,21667
2016,TN,2,T,0
2016,TN,2,F,21954
2016,TX,1,F,21217
2016,TX,1,T,0
2016,TX,2,T,0
2016,TX,2,F,20836
2016,UT,1,T,0
2016,UT,1,F,2846
2016,UT,2,T,0
2016,UT,2,F,2272
2016,VA,1,T,0
2016,VA,1,F,18122
2016,VA,2,T,0
2016,VA,2,F,19137
2016,VT,1,T,0
2016,VT,1,F,2597
2016,VT,2,T,0
2016,VT,2,F,2435
2016,WA,1,F,19505
2016,WA,1,T,0
2016,WA,2,F,20382
2016,WA,2,T,0
2016,WI,1,F,23297
2016,WI,1,T,0
2016,WI,2,F,23330
2016,WI,2,T,0
2016,WV,1,F,11888
2016,WV,1,T,0
2016,WV,2,T,0
2016,WV,2,F,10635
2016,WY,1,T,0
2016,WY,1,F,480
2016,WY,2,T,0
2016,WY,2,F,1425
