state,group,year,halfyear,chipMedicaidEnroll,suppression,totalRX
AK,0,2011,1,118117,T,0
AK,0,2011,1,118117,F,1445
AK,0,2011,2,119175,T,0
AK,0,2011,2,119175,F,1355
AK,0,2012,1,120240,T,0
AK,0,2012,1,120240,F,1638
AK,0,2012,2,119723,T,0
AK,0,2012,2,119723,F,1671
AK,0,2013,1,120388,T,0
AK,0,2013,1,120388,F,1821
AK,0,2013,2,117299,T,0
AK,0,2013,2,117299,F,1445
AK,0,2014,1,125558,T,0
AK,0,2014,1,125558,F,1449
AK,0,2014,2,127888,T,0
AK,0,2014,2,127888,F,1509
AK,0,2015,1,126985,T,0
AK,0,2015,1,126985,F,1595
AK,0,2015,2,137865,T,0
AK,0,2015,2,137865,F,1636
AK,0,2016,1,160450,T,0
AK,0,2016,1,160450,F,1987
AK,0,2016,2,176799,T,0
AK,0,2016,2,176799,F,2295
AL,0,2011,1,913436,F,11634
AL,0,2011,1,913436,T,0
AL,0,2011,2,923365,F,10295
AL,0,2011,2,923365,T,0
AL,0,2012,1,922415,F,11197
AL,0,2012,1,922415,T,0
AL,0,2012,2,915462,F,11919
AL,0,2012,2,915462,T,0
AL,0,2013,1,931684,T,0
AL,0,2013,1,931684,F,14425
AL,0,2013,2,940931,T,0
AL,0,2013,2,940931,F,12555
AL,0,2014,1,836428,T,0
AL,0,2014,1,836428,F,12942
AL,0,2014,2,876485,T,0
AL,0,2014,2,876485,F,10380
AL,0,2015,1,878932,T,0
AL,0,2015,1,878932,F,14348
AL,0,2015,2,888024,F,12521
AL,0,2015,2,888024,T,0
AL,0,2016,1,896723,F,13591
AL,0,2016,1,896723,T,0
AL,0,2016,2,892753,T,0
AL,0,2016,2,892753,F,12329
AR,1,2011,1,609272,T,0
AR,1,2011,1,609272,F,2891
AR,1,2011,2,615023,F,2962
AR,1,2011,2,615023,T,0
AR,1,2012,1,616321,T,0
AR,1,2012,1,616321,F,3111
AR,1,2012,2,625868,T,0
AR,1,2012,2,625868,F,2946
AR,1,2013,1,624627,T,0
AR,1,2013,1,624627,F,2931
AR,1,2013,2,647073,T,0
AR,1,2013,2,647073,F,2740
AR,1,2014,1,772337,T,0
AR,1,2014,1,772337,F,3014
AR,1,2014,2,824682,T,0
AR,1,2014,2,824682,F,3189
AR,1,2015,1,820769,T,0
AR,1,2015,1,820769,F,3276
AR,1,2015,2,839277,T,0
AR,1,2015,2,839277,F,3170
AR,1,2016,1,857359,T,0
AR,1,2016,1,857359,F,3157
AR,1,2016,2,948181,T,0
AR,1,2016,2,948181,F,2863
AZ,1,2011,1,1388569,F,9657
AZ,1,2011,1,1388569,T,0
AZ,1,2011,2,1364236,T,0
AZ,1,2011,2,1364236,F,11597
AZ,1,2012,1,1309638,T,0
AZ,1,2012,1,1309638,F,10485
AZ,1,2012,2,1298694,F,6974
AZ,1,2012,2,1298694,T,0
AZ,1,2013,1,1307111,T,0
AZ,1,2013,1,1307111,F,9011
AZ,1,2013,2,1292061,T,0
AZ,1,2013,2,1292061,F,11309
AZ,1,2014,1,1427080,F,9690
AZ,1,2014,1,1427080,T,0
AZ,1,2014,2,1496616,F,13550
AZ,1,2014,2,1496616,T,0
AZ,1,2015,1,1589487,F,14731
AZ,1,2015,1,1589487,T,0
AZ,1,2015,2,1681587,T,0
AZ,1,2015,2,1681587,F,14246
AZ,1,2016,1,1685493,F,17699
AZ,1,2016,1,1685493,T,0
AZ,1,2016,2,1739041,F,12771
AZ,1,2016,2,1739041,T,0
CA,1,2011,1,8678927,F,43131
CA,1,2011,1,8678927,T,0
CA,1,2011,2,8771607,F,38871
CA,1,2011,2,8771607,T,0
CA,1,2012,1,8996976,F,40315
CA,1,2012,1,8996976,T,0
CA,1,2012,2,9276646,T,0
CA,1,2012,2,9276646,F,40664
CA,1,2013,1,9221339,T,0
CA,1,2013,1,9221339,F,42623
CA,1,2013,2,9661146,T,0
CA,1,2013,2,9661146,F,38193
CA,1,2014,1,10900000,T,0
CA,1,2014,1,10900000,F,46296
CA,1,2014,2,11919314,T,0
CA,1,2014,2,11919314,F,48934
CA,1,2015,1,12627234,T,0
CA,1,2015,1,12627234,F,60339
CA,1,2015,2,12166109,T,0
CA,1,2015,2,12166109,F,63608
CA,1,2016,1,12333253,T,0
CA,1,2016,1,12333253,F,66979
CA,1,2016,2,12405352,T,0
CA,1,2016,2,12405352,F,65108
CO,1,2011,1,652856,F,5079
CO,1,2011,1,652856,T,0
CO,1,2011,2,692837,F,5309
CO,1,2011,2,692837,T,0
CO,1,2012,1,733956,F,5835
CO,1,2012,1,733956,T,0
CO,1,2012,2,756928,T,0
CO,1,2012,2,756928,F,6108
CO,1,2013,1,818695,F,7387
CO,1,2013,1,818695,T,0
CO,1,2013,2,861513,T,0
CO,1,2013,2,861513,F,7311
CO,1,2014,1,1088391,T,0
CO,1,2014,1,1088391,F,9871
CO,1,2014,2,1183251,T,0
CO,1,2014,2,1183251,F,10479
CO,1,2015,1,1263461,T,0
CO,1,2015,1,1263461,F,11641
CO,1,2015,2,1324115,T,0
CO,1,2015,2,1324115,F,10990
CO,1,2016,1,1363125,T,0
CO,1,2016,1,1363125,F,11696
CO,1,2016,2,1387165,T,0
CO,1,2016,2,1387165,F,8910
CT,1,2011,1,579257,F,9764
CT,1,2011,1,579257,T,0
CT,1,2011,2,587385,F,9037
CT,1,2011,2,587385,T,0
CT,1,2012,1,595272,F,10458
CT,1,2012,1,595272,T,0
CT,1,2012,2,616609,T,0
CT,1,2012,2,616609,F,12789
CT,1,2013,1,626175,T,0
CT,1,2013,1,626175,F,14113
CT,1,2013,2,631574,T,0
CT,1,2013,2,631574,F,12257
CT,1,2014,1,735767,T,0
CT,1,2014,1,735767,F,12860
CT,1,2014,2,760584,T,0
CT,1,2014,2,760584,F,13268
CT,1,2015,1,760758,T,0
CT,1,2015,1,760758,F,14572
CT,1,2015,2,746047,T,0
CT,1,2015,2,746047,F,14610
CT,1,2016,1,771512,T,0
CT,1,2016,1,771512,F,16274
CT,1,2016,2,761310,T,0
CT,1,2016,2,761310,F,12215
DC,1,2011,1,196144,F,1311
DC,1,2011,1,196144,T,0
DC,1,2011,2,201038,F,2589
DC,1,2011,2,201038,T,0
DC,1,2012,1,204601,F,3759
DC,1,2012,1,204601,T,0
DC,1,2012,2,208678,F,3082
DC,1,2012,2,208678,T,0
DC,1,2013,1,210376,F,2207
DC,1,2013,1,210376,T,0
DC,1,2013,2,220643,F,1662
DC,1,2013,2,220643,T,0
DC,1,2014,1,246413,F,1836
DC,1,2014,1,246413,T,0
DC,1,2014,2,256282,F,2137
DC,1,2014,2,256282,T,0
DC,1,2015,1,255352,F,1953
DC,1,2015,1,255352,T,0
DC,1,2015,2,263296,F,2203
DC,1,2015,2,263296,T,0
DC,1,2016,1,264415,F,2111
DC,1,2016,1,264415,T,0
DC,1,2016,2,264849,T,0
DC,1,2016,2,264849,F,1764
DE,1,2011,1,205037,F,1367
DE,1,2011,1,205037,T,0
DE,1,2011,2,211856,F,1356
DE,1,2011,2,211856,T,0
DE,1,2012,1,214914,F,1321
DE,1,2012,1,214914,T,0
DE,1,2012,2,218208,F,1328
DE,1,2012,2,218208,T,0
DE,1,2013,1,217708,T,0
DE,1,2013,1,217708,F,1220
DE,1,2013,2,217385,T,0
DE,1,2013,2,217385,F,1357
DE,1,2014,1,233471,T,0
DE,1,2014,1,233471,F,1429
DE,1,2014,2,235047,F,1367
DE,1,2014,2,235047,T,0
DE,1,2015,1,240302,T,0
DE,1,2015,1,240302,F,1548
DE,1,2015,2,241704,F,1643
DE,1,2015,2,241704,T,0
DE,1,2016,1,235967,T,0
DE,1,2016,1,235967,F,2100
DE,1,2016,2,241664,T,0
DE,1,2016,2,241664,F,2293
FL,0,2011,1,3246247,F,29056
FL,0,2011,1,3246247,T,0
FL,0,2011,2,3322150,F,27746
FL,0,2011,2,3322150,T,0
FL,0,2012,1,3415214,F,18067
FL,0,2012,1,3415214,T,0
FL,0,2012,2,3510751,F,40069
FL,0,2012,2,3510751,T,0
FL,0,2013,1,3552980,F,29002
FL,0,2013,1,3552980,T,0
FL,0,2013,2,3586873,F,18580
FL,0,2013,2,3586873,T,0
FL,0,2014,1,3327915,T,0
FL,0,2014,1,3327915,F,18502
FL,0,2014,2,3373853,T,0
FL,0,2014,2,3373853,F,14546
FL,0,2015,1,3523843,T,0
FL,0,2015,1,3523843,F,11538
FL,0,2015,2,3576023,F,16289
FL,0,2015,2,3576023,T,0
FL,0,2016,1,3605848,T,0
FL,0,2016,1,3605848,F,19286
FL,0,2016,2,4337514,T,0
FL,0,2016,2,4337514,F,19823
GA,0,2011,1,1709353,F,12954
GA,0,2011,1,1709353,T,0
GA,0,2011,2,1709922,T,0
GA,0,2011,2,1709922,F,15543
GA,0,2012,1,1749278,F,15069
GA,0,2012,1,1749278,T,0
GA,0,2012,2,1769064,T,0
GA,0,2012,2,1769064,F,15175
GA,0,2013,1,1764173,T,0
GA,0,2013,1,1764173,F,15027
GA,0,2013,2,1731373,T,0
GA,0,2013,2,1731373,F,12960
GA,0,2014,1,1766387,T,0
GA,0,2014,1,1766387,F,13082
GA,0,2014,2,1749519,T,0
GA,0,2014,2,1749519,F,13041
GA,0,2015,1,1785957,T,0
GA,0,2015,1,1785957,F,12784
GA,0,2015,2,1782498,T,0
GA,0,2015,2,1782498,F,14111
GA,0,2016,1,1782171,T,0
GA,0,2016,1,1782171,F,15006
GA,0,2016,2,1755450,T,0
GA,0,2016,2,1755450,F,15633
HI,1,2011,1,272257,T,0
HI,1,2011,1,272257,F,2201
HI,1,2011,2,285478,T,0
HI,1,2011,2,285478,F,2225
HI,1,2012,1,287892,T,0
HI,1,2012,1,287892,F,2199
HI,1,2012,2,290495,T,0
HI,1,2012,2,290495,F,2293
HI,1,2013,1,292390,T,0
HI,1,2013,1,292390,F,2439
HI,1,2013,2,307484,T,0
HI,1,2013,2,307484,F,2216
HI,1,2014,1,321230,T,0
HI,1,2014,1,321230,F,2857
HI,1,2014,2,308567,T,0
HI,1,2014,2,308567,F,2680
HI,1,2015,1,331168,T,0
HI,1,2015,1,331168,F,3015
HI,1,2015,2,339044,F,3036
HI,1,2015,2,339044,T,0
HI,1,2016,1,340999,T,0
HI,1,2016,1,340999,F,2312
HI,1,2016,2,345975,T,0
HI,1,2016,2,345975,F,2652
IA,1,2011,1,487923,T,0
IA,1,2011,1,487923,F,9410
IA,1,2011,2,504626,F,8490
IA,1,2011,2,504626,T,0
IA,1,2012,1,517180,T,0
IA,1,2012,1,517180,F,9586
IA,1,2012,2,525263,T,0
IA,1,2012,2,525263,F,10292
IA,1,2013,1,529724,T,0
IA,1,2013,1,529724,F,9490
IA,1,2013,2,526293,F,9086
IA,1,2013,2,526293,T,0
IA,1,2014,1,598873,F,10749
IA,1,2014,1,598873,T,0
IA,1,2014,2,572104,F,11040
IA,1,2014,2,572104,T,0
IA,1,2015,1,597300,F,11161
IA,1,2015,1,597300,T,0
IA,1,2015,2,608837,F,11250
IA,1,2015,2,608837,T,0
IA,1,2016,1,618152,F,10886
IA,1,2016,1,618152,T,0
IA,1,2016,2,622071,T,0
IA,1,2016,2,622071,F,8766
ID,0,2011,1,239837,F,2836
ID,0,2011,1,239837,T,0
ID,0,2011,2,242771,F,3266
ID,0,2011,2,242771,T,0
ID,0,2012,1,245422,F,3430
ID,0,2012,1,245422,T,0
ID,0,2012,2,252817,F,3670
ID,0,2012,2,252817,T,0
ID,0,2013,1,255440,F,3772
ID,0,2013,1,255440,T,0
ID,0,2013,2,260766,F,3889
ID,0,2013,2,260766,T,0
ID,0,2014,1,275274,F,4077
ID,0,2014,1,275274,T,0
ID,0,2014,2,271992,F,3956
ID,0,2014,2,271992,T,0
ID,0,2015,1,277538,F,4165
ID,0,2015,1,277538,T,0
ID,0,2015,2,282440,F,4141
ID,0,2015,2,282440,T,0
ID,0,2016,1,289367,F,4503
ID,0,2016,1,289367,T,0
ID,0,2016,2,299841,T,0
ID,0,2016,2,299841,F,4020
IL,1,2011,1,2809771,F,18816
IL,1,2011,1,2809771,T,0
IL,1,2011,2,2861480,T,0
IL,1,2011,2,2861480,F,8030
IL,1,2012,1,2873461,F,16254
IL,1,2012,1,2873461,T,0
IL,1,2012,2,2838352,F,18079
IL,1,2012,2,2838352,T,0
IL,1,2013,1,2854838,T,0
IL,1,2013,1,2854838,F,25915
IL,1,2013,2,2941257,F,16895
IL,1,2013,2,2941257,T,0
IL,1,2014,1,3003141,F,20519
IL,1,2014,1,3003141,T,0
IL,1,2014,2,3126814,T,0
IL,1,2014,2,3126814,F,25318
IL,1,2015,1,3163868,T,0
IL,1,2015,1,3163868,F,26268
IL,1,2015,2,3134109,T,0
IL,1,2015,2,3134109,F,39823
IL,1,2016,1,3123639,T,0
IL,1,2016,1,3123639,F,42352
IL,1,2016,2,3065331,T,0
IL,1,2016,2,3065331,F,39859
IN,0,2011,1,1061894,F,14216
IN,0,2011,1,1061894,T,0
IN,0,2011,2,1084143,F,12803
IN,0,2011,2,1084143,T,0
IN,0,2012,1,1109776,T,0
IN,0,2012,1,1109776,F,19981
IN,0,2012,2,1102466,T,0
IN,0,2012,2,1102466,F,16796
IN,0,2013,1,1115355,T,0
IN,0,2013,1,1115355,F,16786
IN,0,2013,2,1075341,F,14800
IN,0,2013,2,1075341,T,0
IN,0,2014,1,1201274,F,16889
IN,0,2014,1,1201274,T,0
IN,0,2014,2,1216683,F,19090
IN,0,2014,2,1216683,T,0
IN,0,2015,1,1341018,T,0
IN,0,2015,1,1341018,F,19826
IN,0,2015,2,1437538,F,24435
IN,0,2015,2,1437538,T,0
IN,0,2016,1,1476940,T,0
IN,0,2016,1,1476940,F,30280
IN,0,2016,2,1508219,T,0
IN,0,2016,2,1508219,F,27985
KS,0,2011,1,370994,F,5362
KS,0,2011,1,370994,T,0
KS,0,2011,2,383901,T,0
KS,0,2011,2,383901,F,5431
KS,0,2012,1,389778,F,5939
KS,0,2012,1,389778,T,0
KS,0,2012,2,393602,T,0
KS,0,2012,2,393602,F,6093
KS,0,2013,1,414763,T,0
KS,0,2013,1,414763,F,866
KS,0,2013,2,406401,T,0
KS,0,2013,2,406401,F,2895
KS,0,2014,1,404319,F,11976
KS,0,2014,1,404319,T,0
KS,0,2014,2,400885,F,8628
KS,0,2014,2,400885,T,0
KS,0,2015,1,405613,F,6759
KS,0,2015,1,405613,T,0
KS,0,2015,2,407388,F,5556
KS,0,2015,2,407388,T,0
KS,0,2016,1,420386,T,0
KS,0,2016,1,420386,F,6029
KS,0,2016,2,408885,T,0
KS,0,2016,2,408885,F,7248
KY,1,2011,1,861523,F,21247
KY,1,2011,1,861523,T,0
KY,1,2011,2,865706,F,22152
KY,1,2011,2,865706,T,0
KY,1,2012,1,866031,T,0
KY,1,2012,1,866031,F,19827
KY,1,2012,2,870382,T,0
KY,1,2012,2,870382,F,23307
KY,1,2013,1,867170,T,0
KY,1,2013,1,867170,F,20359
KY,1,2013,2,847644,T,0
KY,1,2013,2,847644,F,14849
KY,1,2014,1,1054115,T,0
KY,1,2014,1,1054115,F,19749
KY,1,2014,2,1073384,F,25984
KY,1,2014,2,1073384,T,0
KY,1,2015,1,1117207,F,38801
KY,1,2015,1,1117207,T,0
KY,1,2015,2,1179314,F,34921
KY,1,2015,2,1179314,T,0
KY,1,2016,1,1225842,T,0
KY,1,2016,1,1225842,F,49059
KY,1,2016,2,1230475,T,0
KY,1,2016,2,1230475,F,46760
LA,0,2011,1,1121318,F,8462
LA,0,2011,1,1121318,T,0
LA,0,2011,2,1147287,F,8758
LA,0,2011,2,1147287,T,0
LA,0,2012,1,1164796,F,8815
LA,0,2012,1,1164796,T,0
LA,0,2012,2,1170908,T,0
LA,0,2012,2,1170908,F,10408
LA,0,2013,1,1170642,T,0
LA,0,2013,1,1170642,F,11054
LA,0,2013,2,1176799,T,0
LA,0,2013,2,1176799,F,9709
LA,0,2014,1,1033090,F,10525
LA,0,2014,1,1033090,T,0
LA,0,2014,2,1044151,T,0
LA,0,2014,2,1044151,F,9085
LA,0,2015,1,1072982,T,0
LA,0,2015,1,1072982,F,13610
LA,0,2015,2,1077109,T,0
LA,0,2015,2,1077109,F,11205
LA,0,2016,1,1052682,T,0
LA,0,2016,1,1052682,F,11409
LA,0,2016,2,1415385,T,0
LA,0,2016,2,1415385,F,13072
MA,1,2011,1,1306943,F,14126
MA,1,2011,1,1306943,T,0
MA,1,2011,2,1304413,F,13517
MA,1,2011,2,1304413,T,0
MA,1,2012,1,1352214,F,14775
MA,1,2012,1,1352214,T,0
MA,1,2012,2,1370370,F,13248
MA,1,2012,2,1370370,T,0
MA,1,2013,1,1392502,T,0
MA,1,2013,1,1392502,F,14754
MA,1,2013,2,1398075,T,0
MA,1,2013,2,1398075,F,12773
MA,1,2014,1,1469714,T,0
MA,1,2014,1,1469714,F,14890
MA,1,2014,2,1586233,T,0
MA,1,2014,2,1586233,F,13540
MA,1,2015,1,1642613,T,0
MA,1,2015,1,1642613,F,13652
MA,1,2015,2,1676400,T,0
MA,1,2015,2,1676400,F,13327
MA,1,2016,1,1665649,T,0
MA,1,2016,1,1665649,F,15277
MA,1,2016,2,1655529,T,0
MA,1,2016,2,1655529,F,15518
MD,1,2011,1,945318,F,11201
MD,1,2011,1,945318,T,0
MD,1,2011,2,968438,F,11708
MD,1,2011,2,968438,T,0
MD,1,2012,1,986763,F,12179
MD,1,2012,1,986763,T,0
MD,1,2012,2,1009705,T,0
MD,1,2012,2,1009705,F,12615
MD,1,2013,1,1033249,F,12680
MD,1,2013,1,1033249,T,0
MD,1,2013,2,1064852,T,0
MD,1,2013,2,1064852,F,12401
MD,1,2014,1,1156628,T,0
MD,1,2014,1,1156628,F,15054
MD,1,2014,2,1143810,F,15421
MD,1,2014,2,1143810,T,0
MD,1,2015,1,1189192,T,0
MD,1,2015,1,1189192,F,15667
MD,1,2015,2,1162313,T,0
MD,1,2015,2,1162313,F,16273
MD,1,2016,1,1229447,F,17126
MD,1,2016,1,1229447,T,0
MD,1,2016,2,1281890,F,15848
MD,1,2016,2,1281890,T,0
ME,0,2011,1,313545,F,6917
ME,0,2011,1,313545,T,0
ME,0,2011,2,304560,F,7285
ME,0,2011,2,304560,T,0
ME,0,2012,1,301438,F,7396
ME,0,2012,1,301438,T,0
ME,0,2012,2,299746,F,7858
ME,0,2012,2,299746,T,0
ME,0,2013,1,288081,T,0
ME,0,2013,1,288081,F,7261
ME,0,2013,2,278909,T,0
ME,0,2013,2,278909,F,4308
ME,0,2014,1,299549,T,0
ME,0,2014,1,299549,F,4022
ME,0,2014,2,287807,T,0
ME,0,2014,2,287807,F,4461
ME,0,2015,1,283399,T,0
ME,0,2015,1,283399,F,4351
ME,0,2015,2,279000,T,0
ME,0,2015,2,279000,F,4286
ME,0,2016,1,274432,T,0
ME,0,2016,1,274432,F,4458
ME,0,2016,2,269428,T,0
ME,0,2016,2,269428,F,4255
MI,0,2011,1,1984243,F,13887
MI,0,2011,1,1984243,T,0
MI,0,2011,2,1945548,F,14503
MI,0,2011,2,1945548,T,0
MI,0,2012,1,1936772,F,14920
MI,0,2012,1,1936772,T,0
MI,0,2012,2,1943727,F,15354
MI,0,2012,2,1943727,T,0
MI,0,2013,1,1976271,T,0
MI,0,2013,1,1976271,F,17114
MI,0,2013,2,1942149,T,0
MI,0,2013,2,1942149,F,12307
MI,0,2014,1,2198387,T,0
MI,0,2014,1,2198387,F,14737
MI,0,2014,2,2253958,T,0
MI,0,2014,2,2253958,F,20431
MI,0,2015,1,2334621,T,0
MI,0,2015,1,2334621,F,25297
MI,0,2015,2,2311459,T,0
MI,0,2015,2,2311459,F,26112
MI,0,2016,1,2312812,F,34292
MI,0,2016,1,2312812,T,0
MI,0,2016,2,2330154,F,29476
MI,0,2016,2,2330154,T,0
MN,1,2011,1,834048,T,0
MN,1,2011,1,834048,F,10775
MN,1,2011,2,862672,F,14042
MN,1,2011,2,862672,T,0
MN,1,2012,1,870180,F,16220
MN,1,2012,1,870180,T,0
MN,1,2012,2,871206,T,0
MN,1,2012,2,871206,F,17135
MN,1,2013,1,880992,F,17961
MN,1,2013,1,880992,T,0
MN,1,2013,2,874658,F,19441
MN,1,2013,2,874658,T,0
MN,1,2014,1,1055689,T,0
MN,1,2014,1,1055689,F,19347
MN,1,2014,2,1213607,F,21774
MN,1,2014,2,1213607,T,0
MN,1,2015,1,1029724,F,18393
MN,1,2015,1,1029724,T,0
MN,1,2015,2,1070731,F,18316
MN,1,2015,2,1070731,T,0
MN,1,2016,1,1049997,F,19368
MN,1,2016,1,1049997,T,0
MN,1,2016,2,1049566,T,0
MN,1,2016,2,1049566,F,20304
MO,0,2011,1,895253,F,24065
MO,0,2011,1,895253,T,0
MO,0,2011,2,891963,F,24626
MO,0,2011,2,891963,T,0
MO,0,2012,1,887728,F,24188
MO,0,2012,1,887728,T,0
MO,0,2012,2,877600,T,0
MO,0,2012,2,877600,F,26066
MO,0,2013,1,866954,T,0
MO,0,2013,1,866954,F,29923
MO,0,2013,2,845554,T,0
MO,0,2013,2,845554,F,30443
MO,0,2014,1,808824,F,25826
MO,0,2014,1,808824,T,0
MO,0,2014,2,855487,T,0
MO,0,2014,2,855487,F,26182
MO,0,2015,1,926289,T,0
MO,0,2015,1,926289,F,26802
MO,0,2015,2,948576,T,0
MO,0,2015,2,948576,F,26941
MO,0,2016,1,964598,F,26681
MO,0,2016,1,964598,T,0
MO,0,2016,2,976256,T,0
MO,0,2016,2,976256,F,27708
MS,0,2011,1,687469,F,1450
MS,0,2011,1,687469,T,0
MS,0,2011,2,690583,F,3624
MS,0,2011,2,690583,T,0
MS,0,2012,1,692750,F,2623
MS,0,2012,1,692750,T,0
MS,0,2012,2,691658,F,2616
MS,0,2012,2,691658,T,0
MS,0,2013,1,692641,T,0
MS,0,2013,1,692641,F,3056
MS,0,2013,2,695009,F,3498
MS,0,2013,2,695009,T,0
MS,0,2014,1,687967,F,4005
MS,0,2014,1,687967,T,0
MS,0,2014,2,714084,F,4018
MS,0,2014,2,714084,T,0
MS,0,2015,1,712828,F,4118
MS,0,2015,1,712828,T,0
MS,0,2015,2,693365,T,0
MS,0,2015,2,693365,F,4120
MS,0,2016,1,699103,T,0
MS,0,2016,1,699103,F,4250
MS,0,2016,2,684094,T,0
MS,0,2016,2,684094,F,4184
MT,0,2011,1,137239,T,0
MT,0,2011,1,137239,F,2635
MT,0,2011,2,132501,T,0
MT,0,2011,2,132501,F,2598
MT,0,2012,1,144144,T,0
MT,0,2012,1,144144,F,2668
MT,0,2012,2,140437,F,3062
MT,0,2012,2,140437,T,0
MT,0,2013,1,152619,T,0
MT,0,2013,1,152619,F,2761
MT,0,2013,2,148144,T,0
MT,0,2013,2,148144,F,2831
MT,0,2014,1,168500,T,0
MT,0,2014,1,168500,F,3085
MT,0,2014,2,167328,T,0
MT,0,2014,2,167328,F,3099
MT,0,2015,1,177652,T,0
MT,0,2015,1,177652,F,3121
MT,0,2015,2,185716,F,2776
MT,0,2015,2,185716,T,0
MT,0,2016,1,239983,F,3752
MT,0,2016,1,239983,T,0
MT,0,2016,2,245360,T,0
MT,0,2016,2,245360,F,3611
NC,0,2011,1,1584385,F,16390
NC,0,2011,1,1584385,T,0
NC,0,2011,2,1629599,F,15306
NC,0,2011,2,1629599,T,0
NC,0,2012,1,1661666,T,0
NC,0,2012,1,1661666,F,14973
NC,0,2012,2,1696569,T,0
NC,0,2012,2,1696569,F,14433
NC,0,2013,1,1699943,T,0
NC,0,2013,1,1699943,F,19072
NC,0,2013,2,1691981,T,0
NC,0,2013,2,1691981,F,16362
NC,0,2014,1,1809993,F,16722
NC,0,2014,1,1809993,T,0
NC,0,2014,2,1821459,F,20948
NC,0,2014,2,1821459,T,0
NC,0,2015,1,2000049,T,0
NC,0,2015,1,2000049,F,19277
NC,0,2015,2,2000804,T,0
NC,0,2015,2,2000804,F,21185
NC,0,2016,1,2047693,T,0
NC,0,2016,1,2047693,F,22961
NC,0,2016,2,2084900,T,0
NC,0,2016,2,2084900,F,23315
NE,0,2011,1,236596,T,0
NE,0,2011,1,236596,F,2730
NE,0,2011,2,237169,T,0
NE,0,2011,2,237169,F,3187
NE,0,2012,1,236616,F,3303
NE,0,2012,1,236616,T,0
NE,0,2012,2,239295,F,3668
NE,0,2012,2,239295,T,0
NE,0,2013,1,244432,F,3590
NE,0,2013,1,244432,T,0
NE,0,2013,2,233139,F,3261
NE,0,2013,2,233139,T,0
NE,0,2014,1,238506,T,0
NE,0,2014,1,238506,F,3530
NE,0,2014,2,240058,T,0
NE,0,2014,2,240058,F,2691
NE,0,2015,1,237498,T,0
NE,0,2015,1,237498,F,2355
NE,0,2015,2,237979,T,0
NE,0,2015,2,237979,F,2192
NE,0,2016,1,240748,T,0
NE,0,2016,1,240748,F,3227
NE,0,2016,2,243657,F,2599
NE,0,2016,2,243657,T,0
NH,0,2011,1,142838,T,0
NH,0,2011,1,142838,F,3600
NH,0,2011,2,142986,T,0
NH,0,2011,2,142986,F,3440
NH,0,2012,1,142868,T,0
NH,0,2012,1,142868,F,3241
NH,0,2012,2,150462,T,0
NH,0,2012,2,150462,F,3936
NH,0,2013,1,151415,T,0
NH,0,2013,1,151415,F,3446
NH,0,2013,2,148211,T,0
NH,0,2013,2,148211,F,3001
NH,0,2014,1,137163,T,0
NH,0,2014,1,137163,F,2642
NH,0,2014,2,167330,T,0
NH,0,2014,2,167330,F,3117
NH,0,2015,1,181243,T,0
NH,0,2015,1,181243,F,3235
NH,0,2015,2,189687,T,0
NH,0,2015,2,189687,F,3866
NH,0,2016,1,190009,T,0
NH,0,2016,1,190009,F,3885
NH,0,2016,2,191363,T,0
NH,0,2016,2,191363,F,3328
NJ,1,2011,1,1064318,F,7801
NJ,1,2011,1,1064318,T,0
NJ,1,2011,2,1134594,F,7083
NJ,1,2011,2,1134594,T,0
NJ,1,2012,1,1149137,T,0
NJ,1,2012,1,1149137,F,10448
NJ,1,2012,2,1155534,T,0
NJ,1,2012,2,1155534,F,10632
NJ,1,2013,1,1157176,T,0
NJ,1,2013,1,1157176,F,12378
NJ,1,2013,2,1132464,F,10483
NJ,1,2013,2,1132464,T,0
NJ,1,2014,1,1534404,T,0
NJ,1,2014,1,1534404,F,14764
NJ,1,2014,2,1672822,F,13706
NJ,1,2014,2,1672822,T,0
NJ,1,2015,1,1790621,T,0
NJ,1,2015,1,1790621,F,17102
NJ,1,2015,2,1737333,T,0
NJ,1,2015,2,1737333,F,17396
NJ,1,2016,1,1780412,T,0
NJ,1,2016,1,1780412,F,20684
NJ,1,2016,2,1795251,F,21026
NJ,1,2016,2,1795251,T,0
NM,1,2011,1,517565,F,2608
NM,1,2011,1,517565,T,0
NM,1,2011,2,515325,T,0
NM,1,2011,2,515325,F,1883
NM,1,2012,1,516826,T,0
NM,1,2012,1,516826,F,2792
NM,1,2012,2,518127,T,0
NM,1,2012,2,518127,F,2636
NM,1,2013,1,515362,T,0
NM,1,2013,1,515362,F,3583
NM,1,2013,2,508548,F,2185
NM,1,2013,2,508548,T,0
NM,1,2014,1,691524,T,0
NM,1,2014,1,691524,F,1216
NM,1,2014,2,687942,F,5959
NM,1,2014,2,687942,T,0
NM,1,2015,1,711541,T,0
NM,1,2015,1,711541,F,4256
NM,1,2015,2,738231,F,3906
NM,1,2015,2,738231,T,0
NM,1,2016,1,757248,F,3970
NM,1,2016,1,757248,T,0
NM,1,2016,2,775020,T,0
NM,1,2016,2,775020,F,5654
NV,1,2011,1,312039,T,0
NV,1,2011,1,312039,F,2282
NV,1,2011,2,321564,F,2304
NV,1,2011,2,321564,T,0
NV,1,2012,1,325717,T,0
NV,1,2012,1,325717,F,3068
NV,1,2012,2,326580,T,0
NV,1,2012,2,326580,F,3223
NV,1,2013,1,334766,T,0
NV,1,2013,1,334766,F,3883
NV,1,2013,2,353416,T,0
NV,1,2013,2,353416,F,2815
NV,1,2014,1,507572,T,0
NV,1,2014,1,507572,F,4462
NV,1,2014,2,548377,T,0
NV,1,2014,2,548377,F,4933
NV,1,2015,1,563484,T,0
NV,1,2015,1,563484,F,7113
NV,1,2015,2,596516,T,0
NV,1,2015,2,596516,F,7281
NV,1,2016,1,608960,T,0
NV,1,2016,1,608960,F,9501
NV,1,2016,2,623574,T,0
NV,1,2016,2,623574,F,7314
NY,1,2011,1,5312152,F,37179
NY,1,2011,1,5312152,T,0
NY,1,2011,2,5364978,F,38050
NY,1,2011,2,5364978,T,0
NY,1,2012,1,5456462,T,0
NY,1,2012,1,5456462,F,45706
NY,1,2012,2,5544018,T,0
NY,1,2012,2,5544018,F,43401
NY,1,2013,1,5606337,T,0
NY,1,2013,1,5606337,F,50097
NY,1,2013,2,5622123,T,0
NY,1,2013,2,5622123,F,52782
NY,1,2014,1,6093172,T,0
NY,1,2014,1,6093172,F,60898
NY,1,2014,2,6300006,T,0
NY,1,2014,2,6300006,F,59407
NY,1,2015,1,6479343,T,0
NY,1,2015,1,6479343,F,62195
NY,1,2015,2,6620649,T,0
NY,1,2015,2,6620649,F,53809
NY,1,2016,1,6413404,F,66403
NY,1,2016,1,6413404,T,0
NY,1,2016,2,6420227,T,0
NY,1,2016,2,6420227,F,52338
OH,1,2011,1,2155341,F,30491
OH,1,2011,1,2155341,T,0
OH,1,2011,2,2179799,F,22273
OH,1,2011,2,2179799,T,0
OH,1,2012,1,2219173,F,38135
OH,1,2012,1,2219173,T,0
OH,1,2012,2,2219829,T,0
OH,1,2012,2,2219829,F,48412
OH,1,2013,1,2223352,T,0
OH,1,2013,1,2223352,F,49760
OH,1,2013,2,2227795,F,45228
OH,1,2013,2,2227795,T,0
OH,1,2014,1,2634261,T,0
OH,1,2014,1,2634261,F,48579
OH,1,2014,2,2900815,T,0
OH,1,2014,2,2900815,F,54587
OH,1,2015,1,2988691,T,0
OH,1,2015,1,2988691,F,71875
OH,1,2015,2,2932001,T,0
OH,1,2015,2,2932001,F,88043
OH,1,2016,1,2979371,F,91397
OH,1,2016,1,2979371,T,0
OH,1,2016,2,2910351,F,83845
OH,1,2016,2,2910351,T,0
OK,0,2011,1,687674,F,7302
OK,0,2011,1,687674,T,0
OK,0,2011,2,711570,F,7436
OK,0,2011,2,711570,T,0
OK,0,2012,1,723617,F,8076
OK,0,2012,1,723617,T,0
OK,0,2012,2,740668,F,11306
OK,0,2012,2,740668,T,0
OK,0,2013,1,737317,F,13540
OK,0,2013,1,737317,T,0
OK,0,2013,2,753567,F,12546
OK,0,2013,2,753567,T,0
OK,0,2014,1,797155,F,12797
OK,0,2014,1,797155,T,0
OK,0,2014,2,799478,F,10232
OK,0,2014,2,799478,T,0
OK,0,2015,1,815810,F,10227
OK,0,2015,1,815810,T,0
OK,0,2015,2,781927,F,11266
OK,0,2015,2,781927,T,0
OK,0,2016,1,780782,F,10835
OK,0,2016,1,780782,T,0
OK,0,2016,2,804355,F,11199
OK,0,2016,2,804355,T,0
OR,1,2011,1,609602,F,10558
OR,1,2011,1,609602,T,0
OR,1,2011,2,627741,F,10020
OR,1,2011,2,627741,T,0
OR,1,2012,1,641157,F,9559
OR,1,2012,1,641157,T,0
OR,1,2012,2,643495,T,0
OR,1,2012,2,643495,F,7578
OR,1,2013,1,648987,T,0
OR,1,2013,1,648987,F,13387
OR,1,2013,2,638299,T,0
OR,1,2013,2,638299,F,8842
OR,1,2014,1,984878,T,0
OR,1,2014,1,984878,F,13721
OR,1,2014,2,1036190,T,0
OR,1,2014,2,1036190,F,12824
OR,1,2015,1,1064251,T,0
OR,1,2015,1,1064251,F,17026
OR,1,2015,2,1044686,T,0
OR,1,2015,2,1044686,F,12775
OR,1,2016,1,1049229,T,0
OR,1,2016,1,1049229,F,15891
OR,1,2016,2,986111,T,0
OR,1,2016,2,986111,F,14283
PA,0,2011,1,2407208,F,26824
PA,0,2011,1,2407208,T,0
PA,0,2011,2,2279613,T,0
PA,0,2011,2,2279613,F,23073
PA,0,2012,1,2288779,F,22246
PA,0,2012,1,2288779,T,0
PA,0,2012,2,2270286,T,0
PA,0,2012,2,2270286,F,20228
PA,0,2013,1,2281573,T,0
PA,0,2013,1,2281573,F,20760
PA,0,2013,2,2322901,T,0
PA,0,2013,2,2322901,F,23047
PA,0,2014,1,2403735,T,0
PA,0,2014,1,2403735,F,23627
PA,0,2014,2,2403656,T,0
PA,0,2014,2,2403656,F,24649
PA,0,2015,1,2642887,T,0
PA,0,2015,1,2642887,F,26679
PA,0,2015,2,2769810,F,30536
PA,0,2015,2,2769810,T,0
PA,0,2016,1,2855265,F,30538
PA,0,2016,1,2855265,T,0
PA,0,2016,2,2918260,F,28345
PA,0,2016,2,2918260,T,0
RI,1,2011,1,185832,T,0
RI,1,2011,1,185832,F,505
RI,1,2011,2,187433,T,0
RI,1,2011,2,187433,F,446
RI,1,2012,1,187409,T,0
RI,1,2012,1,187409,F,1795
RI,1,2012,2,189544,T,0
RI,1,2012,2,189544,F,1215
RI,1,2013,1,193779,T,0
RI,1,2013,1,193779,F,486
RI,1,2013,2,190447,T,0
RI,1,2013,2,190447,F,372
RI,1,2014,1,255612,T,0
RI,1,2014,1,255612,F,342
RI,1,2014,2,263426,T,0
RI,1,2014,2,263426,F,299
RI,1,2015,1,274674,T,0
RI,1,2015,1,274674,F,264
RI,1,2015,2,280350,T,0
RI,1,2015,2,280350,F,139
RI,1,2016,1,285580,T,0
RI,1,2016,1,285580,F,2532
RI,1,2016,2,300924,F,2688
RI,1,2016,2,300924,T,0
SC,0,2011,1,753440,T,0
SC,0,2011,1,753440,F,6293
SC,0,2011,2,766527,T,0
SC,0,2011,2,766527,F,6485
SC,0,2012,1,777809,F,6450
SC,0,2012,1,777809,T,0
SC,0,2012,2,840321,T,0
SC,0,2012,2,840321,F,7310
SC,0,2013,1,848485,T,0
SC,0,2013,1,848485,F,7154
SC,0,2013,2,844018,T,0
SC,0,2013,2,844018,F,6097
SC,0,2014,1,853352,T,0
SC,0,2014,1,853352,F,5793
SC,0,2014,2,995296,T,0
SC,0,2014,2,995296,F,5851
SC,0,2015,1,1009201,T,0
SC,0,2015,1,1009201,F,6034
SC,0,2015,2,936141,T,0
SC,0,2015,2,936141,F,6044
SC,0,2016,1,1016732,T,0
SC,0,2016,1,1016732,F,5614
SC,0,2016,2,1032898,T,0
SC,0,2016,2,1032898,F,6207
SD,0,2011,1,115117,T,0
SD,0,2011,1,115117,F,756
SD,0,2011,2,115407,T,0
SD,0,2011,2,115407,F,840
SD,0,2012,1,115958,T,0
SD,0,2012,1,115958,F,1057
SD,0,2012,2,115836,T,0
SD,0,2012,2,115836,F,925
SD,0,2013,1,115514,T,0
SD,0,2013,1,115514,F,1048
SD,0,2013,2,114012,T,0
SD,0,2013,2,114012,F,850
SD,0,2014,1,115927,T,0
SD,0,2014,1,115927,F,507
SD,0,2014,2,116878,T,0
SD,0,2014,2,116878,F,1022
SD,0,2015,1,118429,T,0
SD,0,2015,1,118429,F,1801
SD,0,2015,2,118295,T,0
SD,0,2015,2,118295,F,2125
SD,0,2016,1,119350,T,0
SD,0,2016,1,119350,F,2186
SD,0,2016,2,119956,T,0
SD,0,2016,2,119956,F,2014
TN,0,2011,1,1367983,F,13423
TN,0,2011,1,1367983,T,0
TN,0,2011,2,1402564,F,13692
TN,0,2011,2,1402564,T,0
TN,0,2012,1,1395207,F,13957
TN,0,2012,1,1395207,T,0
TN,0,2012,2,1393331,T,0
TN,0,2012,2,1393331,F,18348
TN,0,2013,1,1388477,T,0
TN,0,2013,1,1388477,F,20683
TN,0,2013,2,1357749,T,0
TN,0,2013,2,1357749,F,19163
TN,0,2014,1,1339752,T,0
TN,0,2014,1,1339752,F,20121
TN,0,2014,2,1425497,T,0
TN,0,2014,2,1425497,F,20666
TN,0,2015,1,1498455,T,0
TN,0,2015,1,1498455,F,19571
TN,0,2015,2,1564417,T,0
TN,0,2015,2,1564417,F,22157
TN,0,2016,1,1623164,T,0
TN,0,2016,1,1623164,F,21667
TN,0,2016,2,1636770,T,0
TN,0,2016,2,1636770,F,21954
TX,0,2011,1,4168025,F,23692
TX,0,2011,1,4168025,T,0
TX,0,2011,2,3249045,F,17778
TX,0,2011,2,3249045,T,0
TX,0,2012,1,4207017,F,9762
TX,0,2012,1,4207017,T,0
TX,0,2012,2,4203449,F,9818
TX,0,2012,2,4203449,T,0
TX,0,2013,1,4285836,F,12074
TX,0,2013,1,4285836,T,0
TX,0,2013,2,4211175,F,7816
TX,0,2013,2,4211175,T,0
TX,0,2014,1,4535706,T,0
TX,0,2014,1,4535706,F,4336
TX,0,2014,2,4704853,T,0
TX,0,2014,2,4704853,F,16419
TX,0,2015,1,4672896,T,0
TX,0,2015,1,4672896,F,25020
TX,0,2015,2,4727969,T,0
TX,0,2015,2,4727969,F,22425
TX,0,2016,1,4740159,F,21217
TX,0,2016,1,4740159,T,0
TX,0,2016,2,4799893,T,0
TX,0,2016,2,4799893,F,20836
UT,0,2011,1,310696,T,0
UT,0,2011,1,310696,F,2205
UT,0,2011,2,311031,T,0
UT,0,2011,2,311031,F,1672
UT,0,2012,1,319905,T,0
UT,0,2012,1,319905,F,2257
UT,0,2012,2,318078,T,0
UT,0,2012,2,318078,F,2342
UT,0,2013,1,325382,T,0
UT,0,2013,1,325382,F,2396
UT,0,2013,2,317277,F,2913
UT,0,2013,2,317277,T,0
UT,0,2014,1,332542,T,0
UT,0,2014,1,332542,F,3274
UT,0,2014,2,298773,F,2831
UT,0,2014,2,298773,T,0
UT,0,2015,1,308627,T,0
UT,0,2015,1,308627,F,3003
UT,0,2015,2,311057,T,0
UT,0,2015,2,311057,F,2632
UT,0,2016,1,313641,T,0
UT,0,2016,1,313641,F,2846
UT,0,2016,2,311117,T,0
UT,0,2016,2,311117,F,2272
VA,0,2011,1,916953,F,13457
VA,0,2011,1,916953,T,0
VA,0,2011,2,932403,F,14591
VA,0,2011,2,932403,T,0
VA,0,2012,1,946033,F,14226
VA,0,2012,1,946033,T,0
VA,0,2012,2,964650,F,21357
VA,0,2012,2,964650,T,0
VA,0,2013,1,965521,T,0
VA,0,2013,1,965521,F,20076
VA,0,2013,2,956216,T,0
VA,0,2013,2,956216,F,19550
VA,0,2014,1,1080252,T,0
VA,0,2014,1,1080252,F,17477
VA,0,2014,2,958583,T,0
VA,0,2014,2,958583,F,18656
VA,0,2015,1,978672,T,0
VA,0,2015,1,978672,F,18886
VA,0,2015,2,955868,T,0
VA,0,2015,2,955868,F,19069
VA,0,2016,1,983389,T,0
VA,0,2016,1,983389,F,18122
VA,0,2016,2,993220,T,0
VA,0,2016,2,993220,F,19137
VT,1,2011,1,143621,T,0
VT,1,2011,1,143621,F,1975
VT,1,2011,2,242852,F,2034
VT,1,2011,2,242852,T,0
VT,1,2012,1,145736,F,2175
VT,1,2012,1,145736,T,0
VT,1,2012,2,145989,F,2133
VT,1,2012,2,145989,T,0
VT,1,2013,1,146586,F,2475
VT,1,2013,1,146586,T,0
VT,1,2013,2,145342,T,0
VT,1,2013,2,145342,F,2299
VT,1,2014,1,188422,T,0
VT,1,2014,1,188422,F,2269
VT,1,2014,2,177819,T,0
VT,1,2014,2,177819,F,1773
VT,1,2015,1,184594,T,0
VT,1,2015,1,184594,F,2360
VT,1,2015,2,191415,T,0
VT,1,2015,2,191415,F,2628
VT,1,2016,1,185382,T,0
VT,1,2016,1,185382,F,2597
VT,1,2016,2,169092,T,0
VT,1,2016,2,169092,F,2435
WA,1,2011,1,1146160,F,9789
WA,1,2011,1,1146160,T,0
WA,1,2011,2,1161984,F,9800
WA,1,2011,2,1161984,T,0
WA,1,2012,1,1159173,T,0
WA,1,2012,1,1159173,F,9986
WA,1,2012,2,1164765,T,0
WA,1,2012,2,1164765,F,6173
WA,1,2013,1,1164426,T,0
WA,1,2013,1,1164426,F,6619
WA,1,2013,2,1160593,T,0
WA,1,2013,2,1160593,F,8296
WA,1,2014,1,1528973,T,0
WA,1,2014,1,1528973,F,9723
WA,1,2014,2,1644648,T,0
WA,1,2014,2,1644648,F,17504
WA,1,2015,1,1717320,T,0
WA,1,2015,1,1717320,F,15682
WA,1,2015,2,1779640,T,0
WA,1,2015,2,1779640,F,16580
WA,1,2016,1,1782166,F,19505
WA,1,2016,1,1782166,T,0
WA,1,2016,2,1818225,F,20382
WA,1,2016,2,1818225,T,0
WI,0,2011,1,1057870,F,17700
WI,0,2011,1,1057870,T,0
WI,0,2011,2,1061744,F,19471
WI,0,2011,2,1061744,T,0
WI,0,2012,1,1060168,T,0
WI,0,2012,1,1060168,F,19899
WI,0,2012,2,1041656,T,0
WI,0,2012,2,1041656,F,20490
WI,0,2013,1,1048560,T,0
WI,0,2013,1,1048560,F,21902
WI,0,2013,2,1036812,T,0
WI,0,2013,2,1036812,F,20003
WI,0,2014,1,1193576,T,0
WI,0,2014,1,1193576,F,21400
WI,0,2014,2,1034899,F,22283
WI,0,2014,2,1034899,T,0
WI,0,2015,1,1047631,T,0
WI,0,2015,1,1047631,F,23761
WI,0,2015,2,1044478,F,22907
WI,0,2015,2,1044478,T,0
WI,0,2016,1,1047259,F,23297
WI,0,2016,1,1047259,T,0
WI,0,2016,2,1037863,F,23330
WI,0,2016,2,1037863,T,0
WV,1,2011,1,359469,F,5972
WV,1,2011,1,359469,T,0
WV,1,2011,2,360488,F,5853
WV,1,2011,2,360488,T,0
WV,1,2012,1,358614,F,5886
WV,1,2012,1,358614,T,0
WV,1,2012,2,357002,F,5778
WV,1,2012,2,357002,T,0
WV,1,2013,1,357279,T,0
WV,1,2013,1,357279,F,5673
WV,1,2013,2,375411,T,0
WV,1,2013,2,375411,F,5551
WV,1,2014,1,514188,T,0
WV,1,2014,1,514188,F,7273
WV,1,2014,2,522491,F,9906
WV,1,2014,2,522491,T,0
WV,1,2015,1,538601,T,0
WV,1,2015,1,538601,F,9468
WV,1,2015,2,548380,F,9372
WV,1,2015,2,548380,T,0
WV,1,2016,1,573178,F,11888
WV,1,2016,1,573178,T,0
WV,1,2016,2,567064,T,0
WV,1,2016,2,567064,F,10635
WY,0,2011,1,73397,T,0
WY,0,2011,1,73397,F,1010
WY,0,2011,2,72758,T,0
WY,0,2011,2,72758,F,1027
WY,0,2012,1,72866,T,0
WY,0,2012,1,72866,F,1225
WY,0,2012,2,73059,T,0
WY,0,2012,2,73059,F,1140
WY,0,2013,1,72386,T,0
WY,0,2013,1,72386,F,847
WY,0,2013,2,71908,T,0
WY,0,2013,2,71908,F,1150
WY,0,2014,1,67094,T,0
WY,0,2014,1,67094,F,949
WY,0,2014,2,71535,T,0
WY,0,2014,2,71535,F,1149
WY,0,2015,1,65445,T,0
WY,0,2015,1,65445,F,1215
WY,0,2015,2,64508,T,0
WY,0,2015,2,64508,F,966
WY,0,2016,1,64048,T,0
WY,0,2016,1,64048,F,480
WY,0,2016,2,61925,T,0
WY,0,2016,2,61925,F,1425
